---
tags: MySQL 事务
---

# 事务（Transaction）

## 1、什么是事务？

一个事务是一个完整的业务逻辑单元，不可再分。  

比如：银行账户转账，从A账户向B账户转账10000，需要执行两条update语句：

```sql
update t_act set balance = balance - 10000 where actno = 'act-001';
update t_act set balance = balance + 10000 where actno = 'act-002';
```

以上两条 DML 语句必须同时成功，或者同时失败，不允许出现一条成功，一条失败。  

要想保证以上的两条DML语句同时成功或者同时失败，那么就需要使用数据库的“事务机制”。

## 2、和事务相关的语句？

**DML语句:**

* insert 
* delete
* update

为什么？因为它们这三个语句都是和数据库表当中的“数据”相关的。   

事务的存在是为了保证数据的完整性，安全性。

## 3、假设所有的业务都能使用1条DML语句搞定，还需要事务机制吗？

不需要事务。  

但实际情况不是这样的，通常一个“事务（业务）”需要多条 **DML** 语句共同联合完成。  

## 4、事务是如何实现的？

MySQL 默认使用的是 **Innodb 存储引擎**，它提供了一组用来记录**事务性活动的日志文件**。

大概流程：

事务开启  
insert  
update  
delete  
... 多条 DML 语句  
事务结束

事务执行过程中的每一条 DML 的操作都会记录到**事务性活动的日志文件**中。

提交事务：将数据全部持久化到数据库中，清空事务性活动的日志文件。

回滚事务：撤销所有 DML 操作，清空事务性活动的日志文件。

## 5、事务的特性？

事务包括四大特性：**ACID**   

* A：原子性，事务是最小的工作单元，不可再分。   
* C：一致性，事务必须保证多条DML语句同时成功或者同时失败，保证事务开始前和结束后数据是一致的。
* I：隔离性，事务A与事务B之间具有隔离。
* D：持久性，持久性说的是最终数据必须持久化到硬盘文件中，事务才算成功的结束。

## 6、关于事务之间的隔离级别

事务隔离性存在隔离级别，理论上隔离级别包括4个：  

* 第一级别：读未提交（`read uncommitted`）  
  事务 A 可以读取到事务 B **已操作但未提交**的数据。   
  存在**脏读**（Dirty Read）现象：事务 B 未提交的操作可能回滚，那事务 A 读到的数据是不真实的数据。   
* 第二级别：读已提交（`read committed`）   
  事务 A 不可以读取到事务 B 已操作但未提交的数据，但可以读取到**已提交**的数据。   
  解决了脏读现象，但存在**不可重复读**现象：在事务 A 内多次读数据，读到的都是事务 B 多次提交的数据，虽然读取到的数据都是真实数据，但是数据不一致。
* 第三级别：可重复读（`repeatable read`）   
  事务 A 读取到的数据总是一致的，不受事务 B 的影响。   
  解决了**不可重复读**现象，但存在**幻读**：相同的查询语句每次查询的记录数不一致。  
* 第四级别：序列化读/串行化读（`serializable`）     
  事务 B 必须等事务 A 结束才能开启。    
  解决了所有问题，但效率低，事务需要排队。    

![图片](https://bylv2727.oss-cn-shenzhen.aliyuncs.com/PicGo/blog/2022-08-15-MySQL%E4%BA%8B%E5%8A%A1/4e98ea2e60923b969790898565b4d643.png)

Oracle数据库默认的隔离级别是：读已提交。   
MySQL数据库默认的隔离级别是：可重复读。

### 设置隔离级别

#### 第1级别：读未提交

`set global transaction isolation level read uncommitted;`

#### 第2级别：读已提交

`set global transaction isolation level read committed;`

#### 第3级别：可重复读

`set global transaction isolation level repeatable read;`

## 7、演示事务

mysql事务默认情况下是自动提交的。  

什么是自动提交？只要执行任意一条DML语句则提交一次；  

怎么关闭自动提交？start transaction。

#### 演示表

```sql
drop table if exists t_user;
create table t_user(
  id int primary key auto_increment,
  username varchar(255)
);
```

#### 演示：mysql自动提交事务，只要执行一条DML，则提交一次。

```sql
mysql> insert into t_user(username) values('zs');
Query OK, 1 row affected (0.03 sec)

mysql> select * from t_user;
+----+----------+
| id | username |
+----+----------+
|  1 | zs       |
+----+----------+
1 row in set (0.00 sec)

mysql> rollback;
Query OK, 0 rows affected (0.00 sec)

mysql> select * from t_user;
+----+----------+
| id | username |
+----+----------+
|  1 | zs       |
+----+----------+
1 row in set (0.00 sec)
```

#### 演示：关闭自动提交机制，使用 start transaction。

```sql
mysql> start transaction;
Query OK, 0 rows affected (0.00 sec)

mysql> insert into t_user(username) values('lisi');
Query OK, 1 row affected (0.00 sec)

mysql> select * from t_user;
+----+----------+
| id | username |
+----+----------+
|  1 | zs       |
|  2 | lisi     |
+----+----------+
2 rows in set (0.00 sec)

mysql> insert into t_user(username) values('wangwu');
Query OK, 1 row affected (0.00 sec)

mysql> select * from t_user;
+----+----------+
| id | username |
+----+----------+
|  1 | zs       |
|  2 | lisi     |
|  3 | wangwu   |
+----+----------+
3 rows in set (0.00 sec)

mysql> rollback;
Query OK, 0 rows affected (0.02 sec)

mysql> select * from t_user;
+----+----------+
| id | username |
+----+----------+
|  1 | zs       |
+----+----------+
1 row in set (0.00 sec)

--------------------------------------------------------------------

mysql> start transaction;
Query OK, 0 rows affected (0.00 sec)

mysql> insert into t_user(username) values('wangwu');
Query OK, 1 row affected (0.00 sec)

mysql> insert into t_user(username) values('rose');
Query OK, 1 row affected (0.00 sec)

mysql> insert into t_user(username) values('jack');
Query OK, 1 row affected (0.00 sec)

mysql> select * from t_user;
+----+----------+
| id | username |
+----+----------+
|  1 | zs       |
|  4 | wangwu   |
|  5 | rose     |
|  6 | jack     |
+----+----------+
4 rows in set (0.00 sec)

mysql> commit;
Query OK, 0 rows affected (0.04 sec)

mysql> select * from t_user;
+----+----------+
| id | username |
+----+----------+
|  1 | zs       |
|  4 | wangwu   |
|  5 | rose     |
|  6 | jack     |
+----+----------+
4 rows in set (0.00 sec)

mysql> rollback;
Query OK, 0 rows affected (0.00 sec)

mysql> select * from t_user;
+----+----------+
| id | username |
+----+----------+
|  1 | zs       |
|  4 | wangwu   |
|  5 | rose     |
|  6 | jack     |
+----+----------+
4 rows in set (0.00 sec)
```



